[{
    "img": "http://eiv.baidu.com/hmt/icon/21.gif",
    "menuText": "操作菜单"
}, {
    "img": "http://eiv.baidu.com/hmt/icon/21.gif",
    "menuText": "客户管理"
}, {
    "img": "http://eiv.baidu.com/hmt/icon/21.gif",
    "menuText": "客户服务"
}, {
    "img": "http://eiv.baidu.com/hmt/icon/21.gif",
    "menuText": "通话明细"
}, {
    "img": "http://eiv.baidu.com/hmt/icon/21.gif",
    "menuText": "业务报表"
}, {
    "img": "http://eiv.baidu.com/hmt/icon/21.gif",
    "menuText": "话务报表"
}, {
    "img": "http://eiv.baidu.com/hmt/icon/21.gif",
    "menuText": "自动外呼"
}]